Month.numeric,Month,Day,Year,Sunrise,Sunset
6,June,1,2022,05:34:00,20:54:00
6,June,2,2022,05:33:00,20:55:00
6,June,3,2022,05:33:00,20:56:00
6,June,4,2022,05:32:00,20:56:00
6,June,5,2022,05:32:00,20:57:00
6,June,6,2022,05:31:00,20:58:00
6,June,7,2022,05:31:00,20:59:00
6,June,8,2022,05:31:00,20:59:00
6,June,9,2022,05:31:00,21:00:00
6,June,10,2022,05:30:00,21:00:00
6,June,11,2022,05:30:00,21:01:00
6,June,12,2022,05:30:00,21:02:00
6,June,13,2022,05:30:00,21:02:00
6,June,14,2022,05:30:00,21:02:00
6,June,15,2022,05:30:00,21:03:00
6,June,16,2022,05:30:00,21:03:00
6,June,17,2022,05:30:00,21:04:00
6,June,18,2022,05:30:00,21:04:00
6,June,19,2022,05:30:00,21:04:00
6,June,20,2022,05:30:00,21:04:00
6,June,21,2022,05:31:00,21:05:00
6,June,22,2022,05:31:00,21:05:00
6,June,23,2022,05:31:00,21:05:00
6,June,24,2022,05:31:00,21:05:00
6,June,25,2022,05:32:00,21:05:00
6,June,26,2022,05:32:00,21:05:00
6,June,27,2022,05:33:00,21:05:00
6,June,28,2022,05:33:00,21:05:00
6,June,29,2022,05:33:00,21:05:00
6,June,30,2022,05:34:00,21:05:00
7,July,1,2022,05:34:00,21:05:00
7,July,2,2022,05:35:00,21:04:00
7,July,3,2022,05:36:00,21:04:00
7,July,4,2022,05:36:00,21:04:00
7,July,5,2022,05:37:00,21:04:00
7,July,6,2022,05:38:00,21:03:00
7,July,7,2022,05:38:00,21:03:00
7,July,8,2022,05:39:00,21:02:00
7,July,9,2022,05:40:00,21:02:00
7,July,10,2022,05:41:00,21:01:00
7,July,11,2022,05:41:00,21:01:00
7,July,12,2022,05:42:00,21:00:00
7,July,13,2022,05:43:00,21:00:00
7,July,14,2022,05:44:00,20:59:00
7,July,15,2022,05:45:00,20:58:00
7,July,16,2022,05:46:00,20:57:00
7,July,17,2022,05:47:00,20:57:00
7,July,18,2022,05:48:00,20:56:00
7,July,19,2022,05:49:00,20:55:00
7,July,20,2022,05:50:00,20:54:00
7,July,21,2022,05:51:00,20:53:00
7,July,22,2022,05:52:00,20:52:00
7,July,23,2022,05:53:00,20:51:00
7,July,24,2022,05:54:00,20:50:00
7,July,25,2022,05:55:00,20:49:00
7,July,26,2022,05:56:00,20:48:00
7,July,27,2022,05:57:00,20:47:00
7,July,28,2022,05:58:00,20:46:00
7,July,29,2022,05:59:00,20:45:00
7,July,30,2022,06:00:00,20:44:00
7,July,31,2022,06:01:00,20:42:00
8,August,1,2022,06:02:00,20:41:00
8,August,2,2022,06:03:00,20:40:00
8,August,3,2022,06:05:00,20:38:00
8,August,4,2022,06:06:00,20:37:00
8,August,5,2022,06:07:00,20:36:00
8,August,6,2022,06:08:00,20:34:00
8,August,7,2022,06:09:00,20:33:00
8,August,8,2022,06:10:00,20:32:00
8,August,9,2022,06:12:00,20:30:00
8,August,10,2022,06:13:00,20:29:00
8,August,11,2022,06:14:00,20:27:00
8,August,12,2022,06:15:00,20:26:00
8,August,13,2022,06:16:00,20:24:00
8,August,14,2022,06:17:00,20:23:00
8,August,15,2022,06:18:00,20:21:00
8,August,16,2022,06:20:00,20:19:00
8,August,17,2022,06:21:00,20:18:00
8,August,18,2022,06:22:00,20:16:00
8,August,19,2022,06:23:00,20:15:00
8,August,20,2022,06:24:00,20:13:00
8,August,21,2022,06:26:00,20:11:00
8,August,22,2022,06:27:00,20:10:00
8,August,23,2022,06:28:00,20:08:00
8,August,24,2022,06:29:00,20:06:00
8,August,25,2022,06:30:00,20:04:00
8,August,26,2022,06:31:00,20:03:00
8,August,27,2022,06:33:00,20:01:00
8,August,28,2022,06:34:00,19:59:00
8,August,29,2022,06:35:00,19:57:00
8,August,30,2022,06:36:00,19:56:00
8,August,31,2022,06:37:00,19:54:00
9,September,1,2022,06:38:00,19:52:00
9,September,2,2022,06:40:00,19:50:00
9,September,3,2022,06:41:00,19:48:00
9,September,4,2022,06:42:00,19:47:00
9,September,5,2022,06:43:00,19:45:00
9,September,6,2022,06:44:00,19:43:00
9,September,7,2022,06:45:00,19:41:00
9,September,8,2022,06:47:00,19:39:00
9,September,9,2022,06:48:00,19:37:00
9,September,10,2022,06:49:00,19:35:00
9,September,11,2022,06:50:00,19:34:00
9,September,12,2022,06:51:00,19:32:00
9,September,13,2022,06:52:00,19:30:00
9,September,14,2022,06:54:00,19:28:00
9,September,15,2022,06:55:00,19:26:00
9,September,16,2022,06:56:00,19:24:00
9,September,17,2022,06:57:00,19:22:00
9,September,18,2022,06:58:00,19:20:00
9,September,19,2022,06:59:00,19:18:00
9,September,20,2022,07:01:00,19:17:00
9,September,21,2022,07:02:00,19:15:00
9,September,22,2022,07:03:00,19:13:00
9,September,23,2022,07:04:00,19:11:00
9,September,24,2022,07:05:00,19:09:00
9,September,25,2022,07:07:00,19:07:00
9,September,26,2022,07:08:00,19:05:00
9,September,27,2022,07:09:00,19:03:00
9,September,28,2022,07:10:00,19:02:00
9,September,29,2022,07:11:00,19:00:00
9,September,30,2022,07:13:00,18:58:00
